     
<!DOCTYPE hibernate-mapping PUBLIC 
"-//Hibernate/Hibernate Mapping DTD//EN"
"http://www.hibernate.org/dtd/hibernate-mapping-3.0.dtd"> 

<hibernate-mapping>
    <class name = "com.charan.spring.hibernate.pojo.Product1" table = "product1">
   		<id name = "id" type = "int" column = "id">
        	 <generator class="native"/>
      	</id>
      	
   		<property name = "ProductRack" column = "Productrack" type = "string"/>
     	<property name = "ProductName" column = "ProductName" type = "string"/>
        <property name = "NoOfItems" column = "Noofitems" type = "int"/>
        <property name = "DateOfManf" column = "Dateofmanf" type = "int"/>
        <property name = "DateOfExpiry" column = "Dateofexpiry" type = "int"/>
      	<property name = "ProductImage" column = "Productimage" type = "string"/>
   </class>
   
  
</hibernate-mapping>